region_2,lobe,region_1,hemi_1,region,Yeo
 Cont_Cing_1 ,LL, Cont_Cing_1 L ,L,7Networks_LH_Cont_Cing_1,Control
 Cont_Cing_1 ,RL, Cont_Cing_1 R ,R,7Networks_RH_Cont_Cing_1,Control
 Cont_Cing_2 ,LL, Cont_Cing_2 L ,L,7Networks_LH_Cont_Cing_2,Control
 Cont_Cing_2 ,RL, Cont_Cing_2 R ,R,7Networks_RH_Cont_Cing_2,Control
 Cont_OFC_1 ,LPF, Cont_OFC_1 L ,L,7Networks_LH_Cont_OFC_1,Control
 Cont_PFCl_1 ,LF, Cont_Par_1 L ,L,7Networks_LH_Cont_PFCl_1,Control
 Cont_PFCl_1 ,RPF, Cont_Par_1 R ,R,7Networks_RH_Cont_PFCl_1,Control
 Cont_PFCl_2 ,LF, Cont_Par_2 L ,L,7Networks_LH_Cont_PFCl_2,Control
 Cont_PFCl_2 ,RF, Cont_Par_2 R ,R,7Networks_RH_Cont_PFCl_2,Control
 Cont_PFCl_3 ,LF, Cont_Par_3 L ,L,7Networks_LH_Cont_PFCl_3,Control
 Cont_PFCl_3 ,RF, Cont_Par_3 R ,R,7Networks_RH_Cont_PFCl_3,Control
 Cont_PFCl_4 ,LF, Cont_pCun_1 L ,L,7Networks_LH_Cont_PFCl_4,Control
 Cont_PFCl_4 ,RF, Cont_pCun_1 R ,R,7Networks_RH_Cont_PFCl_4,Control
 Cont_PFCl_5 ,LF, Cont_PFCl_1 L ,L,7Networks_LH_Cont_PFCl_5,Control
 Cont_PFCl_5 ,RF, Cont_PFCl_1 R ,R,7Networks_RH_Cont_PFCl_5,Control
 Cont_PFCl_6 ,RF, Cont_PFCl_2 L ,R,7Networks_RH_Cont_PFCl_6,Control
 Cont_PFCl_7 ,RF, Cont_PFCl_2 R ,R,7Networks_RH_Cont_PFCl_7,Control
 Cont_PFCmp_1 ,RF, Cont_PFCl_3 L ,R,7Networks_RH_Cont_PFCmp_1,Control
 Cont_PFCmp_2 ,RF, Cont_PFCl_3 R ,R,7Networks_RH_Cont_PFCmp_2,Control
 Cont_PFCv_1 ,RPF, Cont_PFCl_4 L ,R,7Networks_RH_Cont_PFCv_1,Control
 Cont_Par_1 ,LP, Cont_PFCl_4 R ,L,7Networks_LH_Cont_Par_1,Control
 Cont_Par_1 ,RP, Cont_PFCl_5 L ,R,7Networks_RH_Cont_Par_1,Control
 Cont_Par_2 ,LP, Cont_PFCl_5 R ,L,7Networks_LH_Cont_Par_2,Control
 Cont_Par_2 ,RP, Cont_PFCl_6 R ,R,7Networks_RH_Cont_Par_2,Control
 Cont_Par_3 ,LP, Cont_PFCl_7 R ,L,7Networks_LH_Cont_Par_3,Control
 Cont_Par_3 ,RP, Cont_PFCmp_1 R ,R,7Networks_RH_Cont_Par_3,Control
 Cont_Temp_1 ,LT, Cont_PFCmp_2 R ,L,7Networks_LH_Cont_Temp_1,Control
 Cont_Temp_1 ,RT, Cont_PFCv_1 R ,R,7Networks_RH_Cont_Temp_1,Control
 Cont_pCun_1 ,LP, Cont_Temp_1 L ,L,7Networks_LH_Cont_pCun_1,Control
 Cont_pCun_1 ,RP, Cont_Temp_1 R ,R,7Networks_RH_Cont_pCun_1,Control
 Default_PFC_1 ,LPF, Default_Par_1 L ,L,7Networks_LH_Default_PFC_1,DMN
 Default_PFC_10 ,LF, Default_Par_1 R ,L,7Networks_LH_Default_PFC_10,DMN
 Default_PFC_11 ,LF, Default_Par_2 L ,L,7Networks_LH_Default_PFC_11,DMN
 Default_PFC_12 ,LF, Default_Par_2 R ,L,7Networks_LH_Default_PFC_12,DMN
 Default_PFC_13 ,LF, Default_Par_3 L ,L,7Networks_LH_Default_PFC_13,DMN
 Default_PFC_2 ,LPF, Default_Par_3 R ,L,7Networks_LH_Default_PFC_2,DMN
 Default_PFC_3 ,LF, Default_Par_4 L ,L,7Networks_LH_Default_PFC_3,DMN
 Default_PFC_4 ,LF, Default_pCunPCC_1 L ,L,7Networks_LH_Default_PFC_4,DMN
 Default_PFC_5 ,LF, Default_pCunPCC_1 R ,L,7Networks_LH_Default_PFC_5,DMN
 Default_PFC_6 ,LF, Default_pCunPCC_2 L ,L,7Networks_LH_Default_PFC_6,DMN
 Default_PFC_7 ,LF, Default_pCunPCC_2 R ,L,7Networks_LH_Default_PFC_7,DMN
 Default_PFC_8 ,LL, Default_pCunPCC_3 L ,L,7Networks_LH_Default_PFC_8,DMN
 Default_PFC_9 ,LF, Default_pCunPCC_3 R ,L,7Networks_LH_Default_PFC_9,DMN
 Default_PFCdPFCm_1 ,RPF, Default_pCunPCC_4 L ,R,7Networks_RH_Default_PFCdPFCm_1,DMN
 Default_PFCdPFCm_2 ,RL, Default_PFC_1 L ,R,7Networks_RH_Default_PFCdPFCm_2,DMN
 Default_PFCdPFCm_3 ,RL, Default_PFC_10 L ,R,7Networks_RH_Default_PFCdPFCm_3,DMN
 Default_PFCdPFCm_4 ,RF, Default_PFC_11 L ,R,7Networks_RH_Default_PFCdPFCm_4,DMN
 Default_PFCdPFCm_5 ,RF, Default_PFC_12 L ,R,7Networks_RH_Default_PFCdPFCm_5,DMN
 Default_PFCdPFCm_6 ,RF, Default_PFC_13 L ,R,7Networks_RH_Default_PFCdPFCm_6,DMN
 Default_PFCdPFCm_7 ,RF, Default_PFC_2 L ,R,7Networks_RH_Default_PFCdPFCm_7,DMN
 Default_PFCv_1 ,RF, Default_PFC_3 L ,R,7Networks_RH_Default_PFCv_1,DMN
 Default_PHC_1 ,LT, Default_PFC_4 L ,L,7Networks_LH_Default_PHC_1,DMN
 Default_Par_1 ,LP, Default_PFC_5 L ,L,7Networks_LH_Default_Par_1,DMN
 Default_Par_1 ,RP, Default_PFC_6 L ,R,7Networks_RH_Default_Par_1,DMN
 Default_Par_2 ,LP, Default_PFC_7 L ,L,7Networks_LH_Default_Par_2,DMN
 Default_Par_2 ,RP, Default_PFC_8 L ,R,7Networks_RH_Default_Par_2,DMN
 Default_Par_3 ,LP, Default_PFC_9 L ,L,7Networks_LH_Default_Par_3,DMN
 Default_Par_3 ,RP, Default_PFCdPFCm_1 R ,R,7Networks_RH_Default_Par_3,DMN
 Default_Par_4 ,LP, Default_PFCdPFCm_2 R ,L,7Networks_LH_Default_Par_4,DMN
 Default_Temp_1 ,LT, Default_PFCdPFCm_3 R ,L,7Networks_LH_Default_Temp_1,DMN
 Default_Temp_1 ,RT, Default_PFCdPFCm_4 R ,R,7Networks_RH_Default_Temp_1,DMN
 Default_Temp_2 ,LT, Default_PFCdPFCm_5 R ,L,7Networks_LH_Default_Temp_2,DMN
 Default_Temp_2 ,RT, Default_PFCdPFCm_6 R ,R,7Networks_RH_Default_Temp_2,DMN
 Default_Temp_3 ,LT, Default_PFCdPFCm_7 R ,L,7Networks_LH_Default_Temp_3,DMN
 Default_Temp_3 ,RT, Default_PFCv_1 R ,R,7Networks_RH_Default_Temp_3,DMN
 Default_Temp_4 ,LT, Default_PHC_1 L ,L,7Networks_LH_Default_Temp_4,DMN
 Default_Temp_4 ,RT, Default_Temp_1 L ,R,7Networks_RH_Default_Temp_4,DMN
 Default_Temp_5 ,LT, Default_Temp_1 R ,L,7Networks_LH_Default_Temp_5,DMN
 Default_Temp_5 ,RT, Default_Temp_2 L ,R,7Networks_RH_Default_Temp_5,DMN
 Default_pCunPCC_1 ,LP, Default_Temp_2 R ,L,7Networks_LH_Default_pCunPCC_1,DMN
 Default_pCunPCC_1 ,RP, Default_Temp_3 L ,R,7Networks_RH_Default_pCunPCC_1,DMN
 Default_pCunPCC_2 ,LP, Default_Temp_3 R ,L,7Networks_LH_Default_pCunPCC_2,DMN
 Default_pCunPCC_2 ,RP, Default_Temp_4 L ,R,7Networks_RH_Default_pCunPCC_2,DMN
 Default_pCunPCC_3 ,LL, Default_Temp_4 R ,L,7Networks_LH_Default_pCunPCC_3,DMN
 Default_pCunPCC_3 ,RP, Default_Temp_5 L ,R,7Networks_RH_Default_pCunPCC_3,DMN
 Default_pCunPCC_4 ,LP, Default_Temp_5 R ,L,7Networks_LH_Default_pCunPCC_4,DMN
 DorsAttn_FEF_1 ,LC, DorsAttn_FEF_1 L ,L,7Networks_LH_DorsAttn_FEF_1,DA
 DorsAttn_FEF_1 ,RC, DorsAttn_FEF_1 R ,R,7Networks_RH_DorsAttn_FEF_1,DA
 DorsAttn_FEF_2 ,LF, DorsAttn_FEF_2 L ,L,7Networks_LH_DorsAttn_FEF_2,DA
 DorsAttn_FEF_2 ,RF, DorsAttn_FEF_2 R ,R,7Networks_RH_DorsAttn_FEF_2,DA
 DorsAttn_Post_1 ,LT, DorsAttn_Post_1 L ,L,7Networks_LH_DorsAttn_Post_1,DA
 DorsAttn_Post_1 ,RT, DorsAttn_Post_1 R ,R,7Networks_RH_DorsAttn_Post_1,DA
 DorsAttn_Post_10 ,LP, DorsAttn_Post_10 L ,L,7Networks_LH_DorsAttn_Post_10,DA
 DorsAttn_Post_10 ,RP, DorsAttn_Post_10 R ,R,7Networks_RH_DorsAttn_Post_10,DA
 DorsAttn_Post_2 ,LT, DorsAttn_Post_2 L ,L,7Networks_LH_DorsAttn_Post_2,DA
 DorsAttn_Post_2 ,RP, DorsAttn_Post_2 R ,R,7Networks_RH_DorsAttn_Post_2,DA
 DorsAttn_Post_3 ,LP, DorsAttn_Post_3 L ,L,7Networks_LH_DorsAttn_Post_3,DA
 DorsAttn_Post_3 ,RP, DorsAttn_Post_3 R ,R,7Networks_RH_DorsAttn_Post_3,DA
 DorsAttn_Post_4 ,LP, DorsAttn_Post_4 L ,L,7Networks_LH_DorsAttn_Post_4,DA
 DorsAttn_Post_4 ,RP, DorsAttn_Post_4 R ,R,7Networks_RH_DorsAttn_Post_4,DA
 DorsAttn_Post_5 ,LP, DorsAttn_Post_5 L ,L,7Networks_LH_DorsAttn_Post_5,DA
 DorsAttn_Post_5 ,RP, DorsAttn_Post_5 R ,R,7Networks_RH_DorsAttn_Post_5,DA
 DorsAttn_Post_6 ,LP, DorsAttn_Post_6 L ,L,7Networks_LH_DorsAttn_Post_6,DA
 DorsAttn_Post_6 ,RP, DorsAttn_Post_6 R ,R,7Networks_RH_DorsAttn_Post_6,DA
 DorsAttn_Post_7 ,LP, DorsAttn_Post_7 L ,L,7Networks_LH_DorsAttn_Post_7,DA
 DorsAttn_Post_7 ,RP, DorsAttn_Post_7 R ,R,7Networks_RH_DorsAttn_Post_7,DA
 DorsAttn_Post_8 ,LP, DorsAttn_Post_8 L ,L,7Networks_LH_DorsAttn_Post_8,DA
 DorsAttn_Post_8 ,RP, DorsAttn_Post_8 R ,R,7Networks_RH_DorsAttn_Post_8,DA
 DorsAttn_Post_9 ,LP, DorsAttn_Post_9 L ,L,7Networks_LH_DorsAttn_Post_9,DA
 DorsAttn_Post_9 ,RP, DorsAttn_Post_9 R ,R,7Networks_RH_DorsAttn_Post_9,DA
 DorsAttn_PrCv_1 ,LC, DorsAttn_PrCv_1 L ,L,7Networks_LH_DorsAttn_PrCv_1,DA
 DorsAttn_PrCv_1 ,RF, DorsAttn_PrCv_1 R ,R,7Networks_RH_DorsAttn_PrCv_1,DA
imbic_OFC_1 ,LPF, Limbic_OFC_1 L ,L,7Networks_LH_Limbic_OFC_1,Limbic
imbic_OFC_1 ,RPF, Limbic_OFC_1 R ,R,7Networks_RH_Limbic_OFC_1,Limbic
imbic_OFC_2 ,LPF, Limbic_OFC_2 L ,L,7Networks_LH_Limbic_OFC_2,Limbic
imbic_OFC_2 ,RPF, Limbic_OFC_2 R ,R,7Networks_RH_Limbic_OFC_2,Limbic
imbic_OFC_3 ,RF, Limbic_OFC_3 R ,R,7Networks_RH_Limbic_OFC_3,Limbic
imbic_TempPole_1 ,LT, Limbic_TempPole_1 L ,L,7Networks_LH_Limbic_TempPole_1,Limbic
imbic_TempPole_1 ,RT, Limbic_TempPole_1 R ,R,7Networks_RH_Limbic_TempPole_1,Limbic
imbic_TempPole_2 ,LT, Limbic_TempPole_2 L ,L,7Networks_LH_Limbic_TempPole_2,Limbic
imbic_TempPole_2 ,RT, Limbic_TempPole_2 R ,R,7Networks_RH_Limbic_TempPole_2,Limbic
imbic_TempPole_3 ,LT, Limbic_TempPole_3 L ,L,7Networks_LH_Limbic_TempPole_3,Limbic
imbic_TempPole_3 ,RT, Limbic_TempPole_3 R ,R,7Networks_RH_Limbic_TempPole_3,Limbic
imbic_TempPole_4 ,LT, Limbic_TempPole_4 L ,L,7Networks_LH_Limbic_TempPole_4,Limbic
 SalVentAttn_FrOperIns_1 ,LT, SalVentAttn_FrOperIns_1 L ,L,7Networks_LH_SalVentAttn_FrOperIns_1,VA
 SalVentAttn_FrOperIns_1 ,RT, SalVentAttn_FrOperIns_1 R ,R,7Networks_RH_SalVentAttn_FrOperIns_1,VA
 SalVentAttn_FrOperIns_2 ,LF, SalVentAttn_FrOperIns_2 L ,L,7Networks_LH_SalVentAttn_FrOperIns_2,VA
 SalVentAttn_FrOperIns_2 ,RT, SalVentAttn_FrOperIns_2 R ,R,7Networks_RH_SalVentAttn_FrOperIns_2,VA
 SalVentAttn_FrOperIns_3 ,LT, SalVentAttn_FrOperIns_3 L ,L,7Networks_LH_SalVentAttn_FrOperIns_3,VA
 SalVentAttn_FrOperIns_3 ,RF, SalVentAttn_FrOperIns_3 R ,R,7Networks_RH_SalVentAttn_FrOperIns_3,VA
 SalVentAttn_FrOperIns_4 ,LF, SalVentAttn_FrOperIns_4 L ,L,7Networks_LH_SalVentAttn_FrOperIns_4,VA
 SalVentAttn_FrOperIns_4 ,RT, SalVentAttn_FrOperIns_4 R ,R,7Networks_RH_SalVentAttn_FrOperIns_4,VA
 SalVentAttn_Med_1 ,LF, SalVentAttn_Med_1 L ,L,7Networks_LH_SalVentAttn_Med_1,VA
 SalVentAttn_Med_1 ,RF, SalVentAttn_Med_1 R ,R,7Networks_RH_SalVentAttn_Med_1,VA
 SalVentAttn_Med_2 ,LC, SalVentAttn_Med_2 L ,L,7Networks_LH_SalVentAttn_Med_2,VA
 SalVentAttn_Med_2 ,RC, SalVentAttn_Med_2 R ,R,7Networks_RH_SalVentAttn_Med_2,VA
 SalVentAttn_Med_3 ,LF, SalVentAttn_Med_3 L ,L,7Networks_LH_SalVentAttn_Med_3,VA
 SalVentAttn_Med_3 ,RF, SalVentAttn_Med_3 R ,R,7Networks_RH_SalVentAttn_Med_3,VA
 SalVentAttn_PFCl_1 ,LF, SalVentAttn_ParOper_1 L ,L,7Networks_LH_SalVentAttn_PFCl_1,VA
 SalVentAttn_ParOper_1 ,LP, SalVentAttn_ParOper_2 L ,L,7Networks_LH_SalVentAttn_ParOper_1,VA
 SalVentAttn_ParOper_2 ,LP, SalVentAttn_ParOper_3 L ,L,7Networks_LH_SalVentAttn_ParOper_2,VA
 SalVentAttn_ParOper_3 ,LP, SalVentAttn_PFCl_1 L ,L,7Networks_LH_SalVentAttn_ParOper_3,VA
 SalVentAttn_PrC_1 ,RC, SalVentAttn_PrC_1 R ,R,7Networks_RH_SalVentAttn_PrC_1,VA
 SalVentAttn_TempOccPar_1 ,RT, SalVentAttn_TempOccPar_1 R ,R,7Networks_RH_SalVentAttn_TempOccPar_1,VA
 SalVentAttn_TempOccPar_2 ,RT, SalVentAttn_TempOccPar_2 R ,R,7Networks_RH_SalVentAttn_TempOccPar_2,VA
 SalVentAttn_TempOccPar_3 ,RP, SalVentAttn_TempOccPar_3 R ,R,7Networks_RH_SalVentAttn_TempOccPar_3,VA
 SomMot_1 ,LT, SomMot_1 L ,L,7Networks_LH_SomMot_1,SM
 SomMot_1 ,RT, SomMot_1 R ,R,7Networks_RH_SomMot_1,SM
 SomMot_10 ,LC, SomMot_10 L ,L,7Networks_LH_SomMot_10,SM
 SomMot_10 ,RC, SomMot_10 R ,R,7Networks_RH_SomMot_10,SM
 SomMot_11 ,LP, SomMot_11 L ,L,7Networks_LH_SomMot_11,SM
 SomMot_11 ,RF, SomMot_11 R ,R,7Networks_RH_SomMot_11,SM
 SomMot_12 ,LC, SomMot_12 L ,L,7Networks_LH_SomMot_12,SM
 SomMot_12 ,RC, SomMot_12 R ,R,7Networks_RH_SomMot_12,SM
 SomMot_13 ,LC, SomMot_13 L ,L,7Networks_LH_SomMot_13,SM
 SomMot_13 ,RP, SomMot_13 R ,R,7Networks_RH_SomMot_13,SM
 SomMot_14 ,LC, SomMot_14 L ,L,7Networks_LH_SomMot_14,SM
 SomMot_14 ,RC, SomMot_14 R ,R,7Networks_RH_SomMot_14,SM
 SomMot_15 ,LC, SomMot_15 L ,L,7Networks_LH_SomMot_15,SM
 SomMot_15 ,RC, SomMot_15 R ,R,7Networks_RH_SomMot_15,SM
 SomMot_16 ,LC, SomMot_16 L ,L,7Networks_LH_SomMot_16,SM
 SomMot_16 ,RC, SomMot_16 R ,R,7Networks_RH_SomMot_16,SM
 SomMot_17 ,RC, SomMot_17 R ,R,7Networks_RH_SomMot_17,SM
 SomMot_18 ,RC, SomMot_18 R ,R,7Networks_RH_SomMot_18,SM
 SomMot_19 ,RC, SomMot_19 R ,R,7Networks_RH_SomMot_19,SM
 SomMot_2 ,LT, SomMot_2 L ,L,7Networks_LH_SomMot_2,SM
 SomMot_2 ,RT, SomMot_2 R ,R,7Networks_RH_SomMot_2,SM
 SomMot_3 ,LT, SomMot_3 L ,L,7Networks_LH_SomMot_3,SM
 SomMot_3 ,RT, SomMot_3 R ,R,7Networks_RH_SomMot_3,SM
 SomMot_4 ,LC, SomMot_4 L ,L,7Networks_LH_SomMot_4,SM
 SomMot_4 ,RP, SomMot_4 R ,R,7Networks_RH_SomMot_4,SM
 SomMot_5 ,LP, SomMot_5 L ,L,7Networks_LH_SomMot_5,SM
 SomMot_5 ,RC, SomMot_5 R ,R,7Networks_RH_SomMot_5,SM
 SomMot_6 ,LC, SomMot_6 L ,L,7Networks_LH_SomMot_6,SM
 SomMot_6 ,RC, SomMot_6 R ,R,7Networks_RH_SomMot_6,SM
 SomMot_7 ,LC, SomMot_7 L ,L,7Networks_LH_SomMot_7,SM
 SomMot_7 ,RC, SomMot_7 R ,R,7Networks_RH_SomMot_7,SM
 SomMot_8 ,LF, SomMot_8 L ,L,7Networks_LH_SomMot_8,SM
 SomMot_8 ,RL, SomMot_8 R ,R,7Networks_RH_SomMot_8,SM
 SomMot_9 ,LC, SomMot_9 L ,L,7Networks_LH_SomMot_9,SM
 SomMot_9 ,RC, SomMot_9 R ,R,7Networks_RH_SomMot_9,SM
 Vis_1 ,LO, Vis_1 L ,L,7Networks_LH_Vis_1,Vis
 Vis_1 ,RT, Vis_1 R ,R,7Networks_RH_Vis_1,Vis
 Vis_10 ,LO, Vis_10 L ,L,7Networks_LH_Vis_10,Vis
 Vis_10 ,RO, Vis_10 R ,R,7Networks_RH_Vis_10,Vis
 Vis_11 ,LO, Vis_11 L ,L,7Networks_LH_Vis_11,Vis
 Vis_11 ,RO, Vis_11 R ,R,7Networks_RH_Vis_11,Vis
 Vis_12 ,LO, Vis_12 L ,L,7Networks_LH_Vis_12,Vis
 Vis_12 ,RO, Vis_12 R ,R,7Networks_RH_Vis_12,Vis
 Vis_13 ,LO, Vis_13 L ,L,7Networks_LH_Vis_13,Vis
 Vis_13 ,RO, Vis_13 R ,R,7Networks_RH_Vis_13,Vis
 Vis_14 ,LP, Vis_14 L ,L,7Networks_LH_Vis_14,Vis
 Vis_14 ,RP, Vis_14 R ,R,7Networks_RH_Vis_14,Vis
 Vis_15 ,RP, Vis_15 R ,R,7Networks_RH_Vis_15,Vis
 Vis_2 ,LO, Vis_2 L ,L,7Networks_LH_Vis_2,Vis
 Vis_2 ,RT, Vis_2 R ,R,7Networks_RH_Vis_2,Vis
 Vis_3 ,LO, Vis_3 L ,L,7Networks_LH_Vis_3,Vis
 Vis_3 ,RO, Vis_3 R ,R,7Networks_RH_Vis_3,Vis
 Vis_4 ,LO, Vis_4 L ,L,7Networks_LH_Vis_4,Vis
 Vis_4 ,RO, Vis_4 R ,R,7Networks_RH_Vis_4,Vis
 Vis_5 ,LO, Vis_5 L ,L,7Networks_LH_Vis_5,Vis
 Vis_5 ,RO, Vis_5 R ,R,7Networks_RH_Vis_5,Vis
 Vis_6 ,LO, Vis_6 L ,L,7Networks_LH_Vis_6,Vis
 Vis_6 ,RO, Vis_6 R ,R,7Networks_RH_Vis_6,Vis
 Vis_7 ,LO, Vis_7 L ,L,7Networks_LH_Vis_7,Vis
 Vis_7 ,RO, Vis_7 R ,R,7Networks_RH_Vis_7,Vis
 Vis_8 ,LO, Vis_8 L ,L,7Networks_LH_Vis_8,Vis
 Vis_8 ,RO, Vis_8 R ,R,7Networks_RH_Vis_8,Vis
 Vis_9 ,LO, Vis_9 L ,L,7Networks_LH_Vis_9,Vis
 Vis_9 ,RO, Vis_9 R ,R,7Networks_RH_Vis_9,Vis
